DRG Id,Provider Id,Total Discharges,Average Total Payments,Average Medicare Payments,Average Medicare Payments
001,10033,13,251876.307692308,244457.923076923,244457.923076923
002,340030,12,183829.5,173307.5,173307.5
003,10033,92,145120.956521739,135713.076086957,135713.076086957
004,10033,54,94398.0925925926,88024.2592592593,88024.2592592593
005,10033,16,68752.25,60141.375,60141.375
006,110010,20,48164.95,31044.7,31044.7
007,50262,15,107079.6,98563.6,98563.6
008,260032,12,37266.75,36235.5,36235.5
011,10033,15,39945.2,38319.4,38319.4
012,10033,47,23460.1276595745,20293.0212765957,20293.0212765957
013,10033,13,15261.0,14111.7692307692,14111.7692307692
014,10033,13,101789.384615385,99401.8461538461,99401.8461538461
016,10033,25,48603.08,36972.32,36972.32
017,10033,11,40938.0,24230.5454545455,24230.5454545455
020,10033,14,78199.0,55630.1428571429,55630.1428571429
023,10033,44,34309.6363636364,32662.3409090909,32662.3409090909
024,100007,24,31002.5833333333,17280.8333333333,17280.8333333333
025,10033,93,33621.935483871,30493.1397849462,30493.1397849462
026,10033,32,20430.34375,17642.21875,17642.21875
027,10033,91,16459.8681318681,12863.7472527473,12863.7472527473
028,50625,12,52482.9166666667,49092.75,49092.75
029,10033,13,22469.8461538462,17891.4615384615,17891.4615384615
030,50262,16,23719.75,20020.5,20020.5
031,10033,11,26394.1818181818,22199.5454545455,22199.5454545455
032,10033,11,13888.0,12741.4545454545,12741.4545454545
033,10033,11,11212.5454545455,10578.0,10578.0
034,330005,13,37494.3846153846,32102.0769230769,32102.0769230769
035,240010,19,17991.2105263158,15630.4736842105,15630.4736842105
036,50441,13,22376.4615384615,18145.0,18145.0
037,10033,11,28620.3636363636,14363.7272727273,14363.7272727273
038,30103,11,11982.2727272727,9869.63636363636,9869.63636363636
039,10033,31,8908.12903225806,6810.45161290323,6810.45161290323
040,50625,14,50128.9285714286,45517.9285714286,45517.9285714286
041,50625,13,22006.6923076923,19093.3846153846,19093.3846153846
042,100007,16,15625.5625,8428.3125,8428.3125
054,10033,30,10790.3666666667,9471.46666666667,9471.46666666667
055,10033,16,8161.375,7267.375,7267.375
056,10033,15,13141.4666666667,12325.2666666667,12325.2666666667
057,10033,36,7835.11111111111,6710.55555555555,6710.55555555555
059,110083,14,6282.35714285714,5078.42857142857,5078.42857142857
060,100007,18,5625.05555555555,4299.72222222222,4299.72222222222
061,50262,19,37869.8947368421,33080.8421052632,33080.8421052632
062,30103,13,15767.6923076923,10472.6923076923,10472.6923076923
063,80001,12,13528.9166666667,8818.75,8818.75
064,10033,111,14454.6036036036,12792.2612612613,12792.2612612613
065,10033,82,8876.43902439024,6947.67073170732,6947.67073170732
066,10033,41,7729.39024390244,4924.43902439024,4924.43902439024
068,100007,19,5948.89473684211,4760.68421052631,4760.68421052631
069,10033,22,6180.36363636364,4848.90909090909,4848.90909090909
070,10033,61,12577.9344262295,11745.5409836066,11745.5409836066
071,10033,49,10541.0408163265,6509.97959183673,6509.97959183673
072,70025,21,7278.42857142857,5801.57142857143,5801.57142857143
073,10033,20,10016.1,8488.25,8488.25
074,10033,42,7708.59523809524,6356.47619047619,6356.47619047619
077,340113,13,14049.2307692308,10426.0,10426.0
078,450388,12,6969.16666666667,5598.66666666667,5598.66666666667
081,100007,11,5449.27272727273,4529.27272727273,4529.27272727273
082,10033,18,13468.2222222222,12011.1111111111,12011.1111111111
083,140208,11,10401.0,8971.0,8971.0
084,150084,12,6842.33333333333,5538.33333333333,5538.33333333333
085,10033,29,14522.8965517241,13527.3103448276,13527.3103448276
086,10033,27,9008.85185185185,6639.11111111111,6639.11111111111
087,10033,15,6409.53333333333,5433.0,5433.0
089,50025,20,12000.9,9722.75,9722.75
090,50025,25,9408.2,7453.8,7453.8
091,10033,16,12917.9375,8396.125,8396.125
092,10033,18,7385.77777777778,6253.61111111111,6253.61111111111
093,70022,21,8033.14285714286,6645.47619047619,6645.47619047619
094,260032,11,31278.1818181818,30703.6363636364,30703.6363636364
100,10033,46,13257.6304347826,10986.4130434783,10986.4130434783
101,10033,147,7965.61904761905,4741.01360544218,4741.01360544218
102,390174,19,12363.0526315789,8161.52631578947,8161.52631578947
103,30103,11,5858.54545454545,3255.09090909091,3255.09090909091
113,390174,15,17179.6666666667,14552.4666666667,14552.4666666667
114,340030,11,11133.2727272727,7906.72727272727,7906.72727272727
115,360180,17,10062.8235294118,7419.41176470588,7419.41176470588
116,220075,13,14573.2307692308,13264.0,13264.0
117,220075,14,8213.42857142857,6930.85714285714,6930.85714285714
123,70022,12,8367.75,6873.83333333333,6873.83333333333
125,90011,13,7083.84615384615,4945.38461538462,4945.38461538462
129,10033,20,15152.95,13676.2,13676.2
130,10033,20,11237.55,7486.65,7486.65
131,10033,11,16109.0909090909,14783.2727272727,14783.2727272727
133,10033,34,12544.2647058824,10746.0882352941,10746.0882352941
134,10033,39,7662.30769230769,6367.48717948718,6367.48717948718
138,390111,12,10081.5833333333,7745.08333333333,7745.08333333333
139,80001,11,7551.54545454545,6066.54545454545,6066.54545454545
149,50625,30,6448.06666666667,4605.83333333333,4605.83333333333
151,100007,29,5219.51724137931,4048.93103448276,4048.93103448276
152,50625,12,10238.5,8628.66666666667,8628.66666666667
153,10033,16,8107.3125,3733.1875,3733.1875
154,70022,11,16971.8181818182,14163.9090909091,14163.9090909091
155,70022,17,10251.7647058824,7948.58823529412,7948.58823529412
156,100007,14,4545.5,3414.07142857143,3414.07142857143
157,100007,12,11143.8333333333,9662.41666666667,9662.41666666667
158,70022,11,9137.90909090909,7016.81818181818,7016.81818181818
163,10033,31,37822.935483871,32539.6774193548,32539.6774193548
164,10033,94,18207.7446808511,16357.914893617,16357.914893617
165,10033,54,13006.962962963,10581.6481481481,10581.6481481481
166,10033,89,35616.4943820225,25586.6292134831,25586.6292134831
167,10033,51,15048.2941176471,12860.2352941176,12860.2352941176
168,10033,22,10022.6363636364,8915.22727272727,8915.22727272727
175,10033,24,12741.5833333333,9280.45833333333,9280.45833333333
176,10033,20,7945.45,6970.45,6970.45
177,10033,83,21916.6024096386,11708.1204819277,11708.1204819277
178,10033,25,10150.4,8943.84,8943.84
179,70022,26,10803.5769230769,8615.23076923077,8615.23076923077
180,10033,22,12542.8636363636,11463.5909090909,11463.5909090909
181,10033,12,9127.33333333333,8005.0,8005.0
183,70022,18,16859.8888888889,14018.5,14018.5
184,10033,11,9565.36363636364,5051.45454545455,5051.45454545455
185,80001,11,7249.18181818182,3428.45454545455,3428.45454545455
186,10033,11,18927.0,17859.4545454545,17859.4545454545
187,10033,11,8619.90909090909,7786.09090909091,7786.09090909091
189,10033,76,11284.5394736842,8309.05263157895,8309.05263157895
190,10033,42,9540.73809523809,8308.64285714286,8308.64285714286
191,10033,33,7780.48484848485,6357.90909090909,6357.90909090909
192,10033,16,6142.875,4999.375,4999.375
193,10033,81,11430.2345679012,9759.67901234568,9759.67901234568
194,10033,99,9608.52525252525,6961.37373737374,6961.37373737374
195,10033,18,6782.16666666667,4457.94444444444,4457.94444444444
196,50441,11,35540.5454545454,31112.9090909091,31112.9090909091
197,70022,14,10485.9285714286,9434.14285714286,9434.14285714286
198,390111,12,10909.8333333333,7025.25,7025.25
199,70022,14,20011.3571428571,15801.7142857143,15801.7142857143
200,50441,12,22971.75,10020.3333333333,10020.3333333333
201,330024,13,8903.38461538462,6694.30769230769,6694.30769230769
202,10033,22,8598.77272727273,5630.90909090909,5630.90909090909
203,50625,24,6865.41666666667,4933.70833333333,4933.70833333333
204,10033,14,7197.57142857143,4450.5,4450.5
205,10033,40,16582.575,10559.9,10559.9
206,10033,17,7577.70588235294,5983.94117647059,5983.94117647059
207,10033,20,40374.95,39233.35,39233.35
208,10033,55,20815.6545454545,15635.8545454545,15635.8545454545
215,230046,11,133074.272727273,126551.272727273,126551.272727273
216,10033,21,59623.0,58508.3333333333,58508.3333333333
217,50108,17,54167.5882352941,52713.1176470588,52713.1176470588
218,90011,12,41054.4166666667,38787.5833333333,38787.5833333333
219,10033,151,48940.8013245033,46845.5496688742,46845.5496688742
220,10033,112,34222.2678571429,32102.7142857143,32102.7142857143
221,50262,21,57912.2380952381,45485.4761904762,45485.4761904762
222,90011,16,68318.8125,64760.8125,64760.8125
223,90011,17,53292.4117647059,46106.1764705882,46106.1764705882
224,90011,11,68625.1818181818,65195.2727272727,65195.2727272727
225,90011,15,44692.8,43182.4666666667,43182.4666666667
226,10033,15,48429.8,41042.4666666667,41042.4666666667
227,50108,15,50095.4,48718.6,48718.6
228,240010,23,69995.8695652174,66329.5217391304,66329.5217391304
229,10033,12,29041.0,27975.3333333333,27975.3333333333
230,50013,19,30597.4736842105,29453.8947368421,29453.8947368421
233,50108,13,71866.0,69567.2307692308,69567.2307692308
234,50108,26,43929.9615384615,42179.5769230769,42179.5769230769
235,10033,23,37653.6956521739,35842.4347826087,35842.4347826087
236,10033,68,25008.1911764706,22942.25,22942.25
237,10033,52,42795.2307692308,39505.3269230769,39505.3269230769
238,10033,81,24329.3827160494,21240.1111111111,21240.1111111111
239,10033,14,33774.2857142857,32084.2857142857,32084.2857142857
240,10033,11,17275.2727272727,15408.2727272727,15408.2727272727
242,50108,14,35221.5,33974.5,33974.5
243,30103,20,23300.0,14351.55,14351.55
244,30103,14,16480.0,12206.2857142857,12206.2857142857
245,90011,11,42540.2727272727,39990.8181818182,39990.8181818182
246,10033,35,25114.8571428571,22081.6857142857,22081.6857142857
247,10033,75,14288.92,11768.68,11768.68
248,30103,11,23636.0909090909,19862.7272727273,19862.7272727273
249,30103,15,16854.8,10534.0666666667,10534.0666666667
250,10033,39,22723.6666666667,20850.8974358974,20850.8974358974
251,10033,45,16337.1111111111,12343.1555555556,12343.1555555556
252,10033,43,23164.8604651163,20507.1395348837,20507.1395348837
253,10033,50,17519.76,16583.98,16583.98
254,10033,30,14168.3666666667,9927.56666666667,9927.56666666667
255,450358,12,19940.3333333333,16230.5833333333,16230.5833333333
256,490024,12,10732.6666666667,8945.33333333333,8945.33333333333
259,100007,11,14175.7272727273,9949.81818181818,9949.81818181818
260,140208,14,46322.2857142857,34312.9285714286,34312.9285714286
261,70022,11,18589.5454545455,17257.2727272727,17257.2727272727
262,10092,16,8615.125,7703.125,7703.125
264,10033,34,21908.3235294118,15641.2058823529,15641.2058823529
280,10033,100,14277.06,11788.37,11788.37
281,10033,66,9283.72727272727,7444.9696969697,7444.9696969697
282,10033,14,6555.0,5353.0,5353.0
283,10033,21,12967.5238095238,11019.1428571429,11019.1428571429
286,10033,91,18667.2527472527,16427.032967033,16427.032967033
287,10033,114,10188.298245614,7503.14912280702,7503.14912280702
291,10033,125,13206.4,10526.296,10526.296
292,10033,143,10937.0629370629,7598.72727272727,7598.72727272727
293,10033,23,6810.52173913043,4829.26086956522,4829.26086956522
296,110029,15,10412.6,9588.86666666667,9588.86666666667
299,10033,26,14778.8076923077,13747.0384615385,13747.0384615385
300,10033,41,8730.41463414634,6012.36585365854,6012.36585365854
301,10033,12,6037.75,5037.75,5037.75
302,50625,16,10886.75,8714.3125,8714.3125
303,10033,14,6596.57142857143,4293.0,4293.0
304,70025,12,10097.3333333333,8436.83333333333,8436.83333333333
305,10033,11,5718.27272727273,4644.45454545455,4644.45454545455
306,10033,11,12774.7272727273,12086.6363636364,12086.6363636364
307,50262,11,16768.8181818182,13319.1818181818,13319.1818181818
308,10033,45,10767.3111111111,8786.11111111111,8786.11111111111
309,10033,50,7105.16,5406.44,5406.44
310,10033,40,5334.125,4116.0,4116.0
311,90011,12,6208.58333333333,4423.0,4423.0
312,10033,34,7494.41176470588,5231.02941176471,5231.02941176471
313,10033,29,5921.03448275862,4525.0,4525.0
314,10033,76,17097.3157894737,11893.1184210526,11893.1184210526
315,10033,52,10145.3269230769,6383.05769230769,6383.05769230769
316,50625,12,8403.16666666667,6706.75,6706.75
326,10033,22,44294.4545454545,38494.8181818182,38494.8181818182
327,10033,19,20481.8947368421,15263.2631578947,15263.2631578947
328,10033,40,11167.575,9411.575,9411.575
329,10033,36,34739.8333333333,32961.0555555556,32961.0555555556
330,10033,62,18322.5322580645,15580.3387096774,15580.3387096774
331,10033,37,13254.2702702703,9365.37837837838,9365.37837837838
332,100007,12,38715.0833333333,25229.1666666667,25229.1666666667
333,10033,12,20398.1666666667,14358.6666666667,14358.6666666667
334,100007,25,12201.96,7596.56,7596.56
335,50625,11,84729.1818181818,75472.9090909091,75472.9090909091
336,30103,15,23752.8,11117.4666666667,11117.4666666667
337,50454,13,22209.9230769231,18914.7692307692,18914.7692307692
343,100007,21,8363.57142857143,4521.95238095238,4521.95238095238
345,10033,17,17185.6470588235,12642.8823529412,12642.8823529412
346,100007,11,8396.63636363636,6249.81818181818,6249.81818181818
347,330101,11,35826.0909090909,26338.2727272727,26338.2727272727
348,50625,13,13156.3076923077,10891.0,10891.0
349,100007,11,8139.63636363636,4341.81818181818,4341.81818181818
351,100007,20,9896.9,7751.45,7751.45
352,50625,11,8721.63636363636,7124.63636363636,7124.63636363636
353,100007,15,27103.0,25175.4666666667,25175.4666666667
354,10033,18,13972.8888888889,9532.11111111111,9532.11111111111
355,30103,14,11135.5714285714,5172.42857142857,5172.42857142857
356,10033,16,30727.625,29716.375,29716.375
357,30103,12,19025.0,12900.9166666667,12900.9166666667
358,490009,11,15280.5454545455,11442.7272727273,11442.7272727273
368,150056,16,18882.8125,14729.9375,14729.9375
369,100007,17,7333.94117647059,6303.35294117647,6303.35294117647
371,10033,27,17855.037037037,11488.0,11488.0
372,10033,30,9767.06666666667,7065.3,7065.3
373,50625,11,8311.81818181818,6113.09090909091,6113.09090909091
374,10033,22,14447.5909090909,13018.3181818182,13018.3181818182
375,10033,37,9721.0,8401.89189189189,8401.89189189189
376,100007,16,6580.875,4112.6875,4112.6875
377,10033,90,14910.7777777778,11598.4666666667,11598.4666666667
378,10033,108,8877.10185185185,6723.52777777778,6723.52777777778
379,50262,12,10701.0,8521.75,8521.75
381,70022,13,12419.1538461538,10676.0769230769,10676.0769230769
383,100007,13,10554.8461538462,7037.46153846154,7037.46153846154
384,50625,11,9587.63636363636,7425.36363636364,7425.36363636364
385,150056,11,21043.0,17414.5454545455,17414.5454545455
386,30103,17,8978.58823529412,5540.94117647059,5540.94117647059
387,100007,18,5334.27777777778,4256.94444444444,4256.94444444444
388,10033,14,18127.3571428571,11992.9285714286,11992.9285714286
389,10033,45,7808.6,6195.28888888889,6195.28888888889
390,10033,24,6059.79166666667,4418.29166666667,4418.29166666667
391,10033,52,10325.1538461538,8700.86538461538,8700.86538461538
392,10033,160,7210.1125,5303.63125,5303.63125
393,10033,31,15433.7096774194,10416.7741935484,10416.7741935484
394,10033,54,8537.77777777778,7335.44444444444,7335.44444444444
395,50625,20,8483.55,5608.35,5608.35
405,10033,28,46323.5,35114.7857142857,35114.7857142857
406,10033,64,19382.546875,17925.640625,17925.640625
407,10033,29,15797.4137931034,10697.6551724138,10697.6551724138
408,150056,11,34397.1818181818,30973.1818181818,30973.1818181818
414,100007,13,27563.4615384615,22531.7692307692,22531.7692307692
415,100007,14,13603.2142857143,11932.3571428571,11932.3571428571
416,220071,16,13857.4375,11018.9375,11018.9375
417,50454,11,34565.0,30618.9090909091,30618.9090909091
418,30103,22,13725.4090909091,9558.45454545454,9558.45454545454
419,50108,13,13023.3846153846,11616.7692307692,11616.7692307692
423,330101,16,63875.8125,45508.125,45508.125
432,10033,50,14521.52,12488.54,12488.54
433,10033,13,7633.23076923077,7027.07692307692,7027.07692307692
435,10033,32,13278.84375,12462.375,12462.375
436,10033,22,9953.59090909091,6977.31818181818,6977.31818181818
437,100007,12,8529.91666666667,4891.83333333333,4891.83333333333
438,10033,19,22910.2631578947,15965.0526315789,15965.0526315789
439,10033,33,7873.63636363636,6468.0,6468.0
440,50454,34,11032.0588235294,8462.26470588235,8462.26470588235
441,10033,58,14399.275862069,12884.0344827586,12884.0344827586
442,10033,41,8339.14634146341,6200.19512195122,6200.19512195122
443,100007,17,5093.29411764706,3734.94117647059,3734.94117647059
444,10033,12,17082.8333333333,10162.9166666667,10162.9166666667
445,10033,15,9485.8,6840.06666666667,6840.06666666667
446,50454,11,10583.1818181818,8766.18181818182,8766.18181818182
453,50441,17,139392.235294118,134786.117647059,134786.117647059
454,10033,11,68294.6363636364,43733.1818181818,43733.1818181818
455,50108,21,56650.9523809524,55154.0,55154.0
456,10033,11,56078.5454545454,49028.9090909091,49028.9090909091
457,10033,17,41244.5294117647,37853.0,37853.0
458,50454,11,62240.3636363636,59751.5454545454,59751.5454545454
459,10033,20,49765.65,39380.35,39380.35
460,10033,102,25942.9215686274,23279.0294117647,23279.0294117647
462,50441,15,45794.7333333333,34633.2,34633.2
463,50454,14,92526.5714285714,83184.5,83184.5
464,10033,23,21737.0869565217,18032.652173913,18032.652173913
465,50441,13,24767.7692307692,22175.6153846154,22175.6153846154
466,10033,25,35117.4,33983.64,33983.64
467,10033,100,22770.26,20409.64,20409.64
468,10033,27,18059.1111111111,15074.1851851852,15074.1851851852
469,10033,36,22116.9722222222,20913.7222222222,20913.7222222222
470,10033,232,15132.4913793103,13173.8017241379,13173.8017241379
471,50454,17,85194.0588235294,79525.9411764706,79525.9411764706
472,10033,26,19882.2307692308,18768.0769230769,18768.0769230769
473,10033,22,15176.2272727273,13757.0,13757.0
474,70022,13,29195.2307692308,27011.6153846154,27011.6153846154
475,10033,12,16516.4166666667,13979.0833333333,13979.0833333333
477,260032,13,23267.3076923077,20443.8461538462,20443.8461538462
478,10033,14,14077.5,12663.2857142857,12663.2857142857
479,100007,16,12009.8125,8527.375,8527.375
480,10033,23,21459.4782608696,19906.652173913,19906.652173913
481,10033,42,15401.1904761905,12437.5476190476,12437.5476190476
482,50108,19,16412.4736842105,14842.0526315789,14842.0526315789
483,10033,15,17295.2,15825.8666666667,15825.8666666667
484,10033,24,14332.7083333333,12589.0416666667,12589.0416666667
486,50625,13,19808.6153846154,17145.1538461538,17145.1538461538
488,50441,11,23137.2727272727,20781.2727272727,20781.2727272727
489,70022,11,16092.1818181818,8539.45454545454,8539.45454545454
490,10033,18,16188.3333333333,12296.5555555556,12296.5555555556
491,10033,29,8432.62068965517,5854.89655172414,5854.89655172414
492,10033,11,25074.0,21742.5454545455,21742.5454545455
493,10033,24,17002.9583333333,11902.5833333333,11902.5833333333
494,10033,14,10715.0714285714,7290.35714285714,7290.35714285714
495,150056,11,29744.5454545455,25548.7272727273,25548.7272727273
496,10033,24,14840.0416666667,11611.375,11611.375
497,50108,12,12372.9166666667,11024.25,11024.25
500,330101,12,67320.8333333333,59761.1666666667,59761.1666666667
501,10033,15,13515.3333333333,8711.4,8711.4
502,10033,12,9037.5,7105.58333333333,7105.58333333333
504,100007,20,10870.55,8394.5,8394.5
505,100007,16,7902.125,6763.625,6763.625
511,100007,38,11332.4736842105,8429.05263157895,8429.05263157895
512,100007,62,8554.5,6369.09677419355,6369.09677419355
513,100007,15,10009.0666666667,7544.66666666667,7544.66666666667
514,100007,17,6038.23529411765,4624.11764705882,4624.11764705882
515,100007,22,22098.3181818182,18105.2272727273,18105.2272727273
516,10033,12,16011.75,10312.5,10312.5
517,10033,11,12029.2727272727,10859.8181818182,10859.8181818182
535,50625,11,11593.5454545455,9566.27272727273,9566.27272727273
536,10033,12,5918.91666666667,4922.58333333333,4922.58333333333
539,100113,18,23262.2777777778,18658.7222222222,18658.7222222222
540,50625,11,12772.4545454545,9914.63636363636,9914.63636363636
542,30103,15,15133.4666666667,10875.2666666667,10875.2666666667
543,30103,15,9846.06666666667,5808.86666666667,5808.86666666667
544,100007,18,5357.55555555555,3727.11111111111,3727.11111111111
545,30103,19,22327.5263157895,16295.8947368421,16295.8947368421
546,10033,13,10028.5384615385,7567.07692307692,7567.07692307692
547,70022,11,9139.54545454545,7758.72727272727,7758.72727272727
551,10033,21,12359.5714285714,10950.4761904762,10950.4761904762
552,10033,34,7808.70588235294,6260.47058823529,6260.47058823529
553,90011,15,14306.7333333333,9128.8,9128.8
554,50625,19,12055.4736842105,8207.0,8207.0
555,90011,12,11038.9166666667,9340.91666666667,9340.91666666667
556,50441,15,10135.0666666667,8254.93333333333,8254.93333333333
557,70025,15,14267.8,12233.3333333333,12233.3333333333
558,50625,12,8165.0,6620.08333333333,6620.08333333333
560,50625,16,9838.4375,7685.0625,7685.0625
561,100007,27,4941.92592592593,3615.88888888889,3615.88888888889
562,70022,16,14508.25,12021.125,12021.125
563,10033,13,7495.84615384615,5101.53846153846,5101.53846153846
564,100007,21,10251.2380952381,9255.42857142857,9255.42857142857
565,70022,11,10634.4545454545,9452.90909090909,9452.90909090909
570,90011,18,20851.7777777778,17988.8888888889,17988.8888888889
571,100007,12,9751.41666666667,6758.75,6758.75
573,90011,14,34071.5,27983.5,27983.5
574,100007,12,17135.1666666667,15320.5,15320.5
577,10033,14,14414.2142857143,12994.0,12994.0
578,10033,13,10518.4615384615,7615.53846153846,7615.53846153846
579,70022,12,23721.0,21970.9166666667,21970.9166666667
580,10033,15,12156.2,11126.9333333333,11126.9333333333
581,50441,18,14582.6666666667,11165.2777777778,11165.2777777778
582,50625,12,12861.4166666667,10857.3333333333,10857.3333333333
583,50625,14,10871.5,8649.71428571428,8649.71428571428
592,100007,28,10203.8214285714,8619.57142857143,8619.57142857143
593,100007,23,7778.34782608696,5428.26086956522,5428.26086956522
595,230046,12,26317.75,22703.4166666667,22703.4166666667
596,10033,12,9148.83333333333,8121.08333333333,8121.08333333333
598,100007,20,11278.55,5807.2,5807.2
602,10033,21,11172.380952381,8878.7619047619,8878.7619047619
603,10033,77,7532.7012987013,5517.38961038961,5517.38961038961
604,100007,24,12409.625,11118.5833333333,11118.5833333333
605,50625,36,7569.27777777778,5591.77777777778,5591.77777777778
606,330101,13,21542.6153846154,12545.6923076923,12545.6923076923
607,50625,11,7716.27272727273,5169.81818181818,5169.81818181818
614,50454,11,33391.8181818182,30249.2727272727,30249.2727272727
615,50454,13,23305.9230769231,14813.3846153846,14813.3846153846
616,250102,11,21704.2727272727,20881.9090909091,20881.9090909091
617,10033,15,12720.1333333333,11736.6666666667,11736.6666666667
619,360003,23,31993.0,26864.2173913043,26864.2173913043
620,50441,11,24200.2727272727,21854.6363636364,21854.6363636364
621,10033,19,11527.0526315789,10264.9473684211,10264.9473684211
623,450021,18,13952.3888888889,11223.3333333333,11223.3333333333
625,70022,11,22696.0909090909,20348.4545454545,20348.4545454545
626,10033,14,10464.3571428571,7658.28571428571,7658.28571428571
627,50108,11,9592.45454545454,8277.72727272727,8277.72727272727
628,70022,13,34959.4615384615,31109.6923076923,31109.6923076923
629,70022,30,22145.2666666667,18488.3,18488.3
630,420065,14,8286.64285714286,6918.57142857143,6918.57142857143
637,10033,34,11324.4705882353,9312.14705882353,9312.14705882353
638,10033,66,7203.93939393939,6133.69696969697,6133.69696969697
639,50625,12,6215.25,4300.08333333333,4300.08333333333
640,10033,81,9302.61728395062,8354.25925925926,8354.25925925926
641,10033,63,6282.61904761905,5220.44444444444,5220.44444444444
642,150056,12,15206.4166666667,12807.8333333333,12807.8333333333
643,50454,11,20157.1818181818,17543.3636363636,17543.3636363636
644,10033,14,8119.28571428571,7195.57142857143,7195.57142857143
645,50625,19,7190.63157894737,5356.84210526316,5356.84210526316
652,10033,174,34292.9942528736,23050.0229885057,23050.0229885057
653,140088,17,58896.8823529412,51630.9411764706,51630.9411764706
654,30103,32,31643.90625,19600.625,19600.625
655,50441,12,27470.0,24463.0,24463.0
656,10033,15,27053.0,20448.2666666667,20448.2666666667
657,10033,18,14592.0555555556,12473.8888888889,12473.8888888889
658,10033,17,11959.9411764706,8759.17647058823,8759.17647058823
659,10033,28,30764.5,22288.4285714286,22288.4285714286
660,10033,21,17426.8095238095,11144.619047619,11144.619047619
661,10033,15,13040.8666666667,10604.5333333333,10604.5333333333
664,330101,18,13665.6111111111,12215.5555555556,12215.5555555556
666,100007,11,10838.0909090909,9667.90909090909,9667.90909090909
667,330101,15,11047.7333333333,8552.4,8552.4
668,50625,14,52915.7857142857,48276.2857142857,48276.2857142857
669,50625,35,12693.6571428571,10387.8857142857,10387.8857142857
670,100007,15,5825.33333333333,4700.0,4700.0
672,500064,18,10844.7777777778,7953.33333333333,7953.33333333333
673,50625,18,38182.0555555556,33720.2777777778,33720.2777777778
674,50625,17,22978.0,20406.1176470588,20406.1176470588
675,100128,13,12797.5384615385,9653.15384615385,9653.15384615385
682,10033,104,12155.7596153846,10389.0096153846,10389.0096153846
683,10033,112,9096.19642857143,6987.4375,6987.4375
684,10033,13,5622.76923076923,4432.61538461538,4432.61538461538
685,100007,13,6436.84615384615,5467.61538461538,5467.61538461538
687,100007,16,7460.625,5551.5625,5551.5625
689,10033,51,8496.72549019608,7467.07843137255,7467.07843137255
690,10033,46,7334.17391304348,4721.54347826087,4721.54347826087
691,100007,12,10947.5833333333,8252.66666666667,8252.66666666667
693,340040,11,13301.4545454545,10743.4545454545,10743.4545454545
694,50625,18,7045.5,5497.77777777778,5497.77777777778
696,70022,25,8140.0,6886.8,6886.8
698,10033,56,13346.25,10112.125,10112.125
699,10033,96,11857.96875,7434.09375,7434.09375
700,50454,13,11154.5384615385,9250.38461538462,9250.38461538462
707,30103,20,16667.75,12063.65,12063.65
708,10033,11,9635.0,6311.09090909091,6311.09090909091
713,50625,18,13485.7777777778,11899.1666666667,11899.1666666667
714,50625,22,7859.04545454545,5255.31818181818,5255.31818181818
717,100007,14,11153.5,9998.07142857143,9998.07142857143
726,70022,12,8684.5,7239.5,7239.5
728,70022,11,9191.27272727273,7750.18181818182,7750.18181818182
734,70022,25,27295.08,25185.08,25185.08
735,490063,12,9024.83333333333,7256.16666666667,7256.16666666667
737,10033,30,15406.8333333333,11448.7,11448.7
738,490063,12,11007.25,7965.83333333333,7965.83333333333
740,10033,23,11676.0434782609,10708.5652173913,10708.5652173913
741,10033,22,9380.13636363636,7360.5,7360.5
742,10033,21,11294.9523809524,9422.52380952381,9422.52380952381
743,10033,16,8013.25,6779.25,6779.25
744,260032,14,11425.0714285714,10647.9285714286,10647.9285714286
746,70022,12,15076.0833333333,13019.3333333333,13019.3333333333
747,50108,37,9897.08108108108,8615.89189189189,8615.89189189189
748,50262,14,14484.8571428571,11595.9285714286,11595.9285714286
749,170040,12,21721.1666666667,18058.25,18058.25
755,100007,29,7726.93103448276,5684.37931034483,5684.37931034483
758,100007,14,7120.78571428571,6236.21428571429,6236.21428571429
760,100007,13,5717.0,4765.61538461538,4765.61538461538
765,10033,29,11090.9310344828,8996.51724137931,8996.51724137931
766,180088,11,6372.0,5002.81818181818,5002.81818181818
774,10033,16,6340.875,5083.875,5083.875
775,10033,19,5804.52631578947,4252.84210526316,4252.84210526316
781,10033,21,7461.66666666667,6485.66666666667,6485.66666666667
808,10033,14,15636.4285714286,14778.4285714286,14778.4285714286
809,10033,44,10088.0227272727,8322.18181818182,8322.18181818182
810,100007,12,5804.0,4803.33333333333,4803.33333333333
811,10033,36,9940.19444444444,8253.05555555555,8253.05555555555
812,10033,80,7302.1125,5864.65,5864.65
813,50441,11,33099.1818181818,29204.9090909091,29204.9090909091
815,100007,29,6765.1724137931,5913.58620689655,5913.58620689655
820,330101,12,75146.6666666667,68786.4166666667,68786.4166666667
821,30103,15,19901.4666666667,16025.0666666667,16025.0666666667
822,50441,11,16199.0,13745.1818181818,13745.1818181818
823,240010,14,42526.9285714286,39715.7857142857,39715.7857142857
824,100007,14,15238.8571428571,13868.0,13868.0
826,240010,13,82977.6923076923,32741.5384615385,32741.5384615385
827,50262,12,32506.5833333333,22887.5,22887.5
828,220110,12,14000.4166666667,12117.0833333333,12117.0833333333
829,70022,11,33374.4545454545,31006.2727272727,31006.2727272727
834,10033,17,53203.4117647059,40385.3529411765,40385.3529411765
835,50441,13,34504.2307692308,31474.1538461538,31474.1538461538
837,10033,11,49478.4545454545,48041.2727272727,48041.2727272727
838,10033,13,22526.3846153846,21558.6923076923,21558.6923076923
839,100007,16,10063.0625,6159.875,6159.875
840,10033,17,24946.7058823529,24006.6470588235,24006.6470588235
841,10033,20,11930.2,10299.65,10299.65
842,100007,26,7710.53846153846,5643.80769230769,5643.80769230769
843,230046,11,20449.7272727273,13948.0,13948.0
844,220110,13,12485.3846153846,10723.0769230769,10723.0769230769
846,30103,15,28386.4,13569.7333333333,13569.7333333333
847,10033,49,10258.3265306122,7241.02040816326,7241.02040816326
848,40007,12,7051.0,6695.25,6695.25
849,140088,130,15697.8923076923,13775.2769230769,13775.2769230769
853,10033,81,52707.5679012346,44255.7407407407,44255.7407407407
854,10033,19,19338.9473684211,18355.7368421053,18355.7368421053
856,10033,24,28628.5416666667,27820.4583333333,27820.4583333333
857,10033,14,12188.9285714286,11663.7857142857,11663.7857142857
858,230156,11,8635.18181818182,7728.09090909091,7728.09090909091
862,10033,40,16012.4,12496.2,12496.2
863,10033,37,8842.56756756757,6741.86486486486,6741.86486486486
864,10033,19,8004.52631578947,6944.10526315789,6944.10526315789
865,50625,11,24629.5454545455,20674.6363636364,20674.6363636364
866,10033,12,13231.5833333333,4877.83333333333,4877.83333333333
867,10033,14,21073.4285714286,15304.0714285714,15304.0714285714
868,100007,12,14686.0833333333,5210.75,5210.75
870,10033,35,52891.9428571429,43564.7714285714,43564.7714285714
871,10033,547,14684.8519195612,12132.1535648995,12132.1535648995
872,10033,151,9263.06622516556,6875.90728476821,6875.90728476821
880,50441,11,9411.54545454545,7031.18181818182,7031.18181818182
881,180040,36,6116.02777777778,4452.88888888889,4452.88888888889
882,180040,11,6217.54545454545,4608.90909090909,4608.90909090909
883,240057,22,11158.4545454545,5907.04545454545,5907.04545454545
884,50625,24,11787.9583333333,8600.0,8600.0
885,10033,28,8779.17857142857,7155.57142857143,7155.57142857143
886,390110,20,8139.1,4929.45,4929.45
887,390076,14,7999.5,5291.42857142857,5291.42857142857
894,70022,14,6114.5,5110.14285714286,5110.14285714286
895,330101,50,15812.02,12333.58,12333.58
896,50108,14,14816.8571428571,13629.0,13629.0
897,10033,16,6184.375,5400.625,5400.625
904,10033,14,22597.7857142857,18489.2142857143,18489.2142857143
907,10033,29,30318.5862068966,28413.6551724138,28413.6551724138
908,10033,20,15078.75,14094.6,14094.6
909,100007,23,9726.73913043478,6003.78260869565,6003.78260869565
914,100007,29,5308.0,3931.1724137931,3931.1724137931
915,100007,11,21346.0,7039.27272727273,7039.27272727273
916,90011,12,5449.33333333333,3540.91666666667,3540.91666666667
917,10033,32,19392.125,11408.125,11408.125
918,10033,15,6414.46666666667,5266.53333333333,5266.53333333333
919,10033,27,18050.1111111111,15980.2592592593,15980.2592592593
920,10033,28,16555.6071428571,12875.1071428571,12875.1071428571
921,70022,11,7971.0,6900.81818181818,6900.81818181818
923,50025,45,8853.4,7086.44444444444,7086.44444444444
927,440039,11,120275.545454545,117794.0,117794.0
928,10033,26,37587.9615384615,33359.7307692308,33359.7307692308
929,340061,17,28170.7647058824,21021.4117647059,21021.4117647059
934,230273,11,15849.9090909091,14122.1818181818,14122.1818181818
935,10033,20,10931.3,9851.75,9851.75
940,210009,13,38929.2307692308,37905.2307692308,37905.2307692308
945,210009,272,23771.1323529412,22539.5110294118,22539.5110294118
946,210009,60,18944.9,17155.8666666667,17155.8666666667
947,50441,20,26435.45,22430.15,22430.15
948,10033,43,6258.3023255814,5149.27906976744,5149.27906976744
949,490022,11,6544.27272727273,5295.90909090909,5295.90909090909
951,210038,28,66556.1071428571,60289.8214285714,60289.8214285714
956,10033,18,30136.6666666667,28695.3333333333,28695.3333333333
957,10033,16,50224.5625,48698.75,48698.75
958,150056,11,42818.2727272727,39027.3636363636,39027.3636363636
963,10033,15,21854.6666666667,20540.5333333333,20540.5333333333
964,10033,15,11809.1333333333,9619.0,9619.0
969,110083,11,54602.6363636364,51733.9090909091,51733.9090909091
974,10033,26,29897.1153846154,26761.9230769231,26761.9230769231
975,50625,18,15155.3333333333,12573.0555555556,12573.0555555556
976,100022,15,16282.6666666667,12633.6,12633.6
977,90011,13,10452.7692307692,8324.69230769231,8324.69230769231
981,10033,43,39761.7674418605,28557.4651162791,28557.4651162791
982,10033,36,19184.9444444444,17163.8888888889,17163.8888888889
983,10033,11,14169.4545454545,10371.7272727273,10371.7272727273
987,10033,12,32306.0,30588.3333333333,30588.3333333333
988,10033,14,21890.0,9873.57142857143,9873.57142857143
989,180088,13,7850.30769230769,6594.84615384615,6594.84615384615
